mu_max,mu_far,mu_mean,mu_p95,mu_p99,n_dictionary_columns,gram_psr,pilot_pattern,pilot_density
0.9756588423101621,0.21442776205056432,0.09878385171569894,0.19401096792243167,0.6014040183408107,2401,1.0249484313924764,random,0.125
