mu_max,mu_far,mu_mean,mu_p95,mu_p99,n_dictionary_columns,gram_psr,pilot_pattern,pilot_density
0.8835036985498027,0.6277418488688249,0.18197918455934167,0.34932220911126766,0.5461103781888271,625,1.1318571746121904,random,0.03125
0.9234989935416905,0.2982254648188983,0.1349278261925863,0.2604300526022634,0.6280008137109963,625,1.0828382131364565,random,0.0625
0.9048854901370674,0.21442776205056432,0.09680432513980364,0.1864083427203729,0.5689528433642955,625,1.1051122057980232,random,0.125
0.900616966977812,0.17574003485701167,0.0669300537900066,0.1623596336859345,0.5934461812872834,625,1.1103499452777204,random,0.25
0.9041278476050603,0.16844002054335058,0.052435169196733314,0.1389110544715796,0.5704787891558563,625,1.1060382695311233,random,0.5
