mu_max,mu_far,mu_mean,mu_p95,mu_p99,n_dictionary_columns,gram_psr,pilot_pattern,pilot_density
0.9938791186296646,0.21442776205056435,0.09940786889647997,0.19495554887290945,0.6302298705342969,9409,1.0061585772913457,random,0.125
