mu_max,mu_far,mu_mean,mu_p95,mu_p99,n_dictionary_columns,gram_psr,pilot_pattern,pilot_density
0.9048854901370674,0.21442776205056432,0.09680432513980364,0.1864083427203729,0.5689528433642955,625,1.1051122057980232,random,0.125
