mu_max,mu_far,mu_mean,mu_p95,mu_p99,n_dictionary_columns,gram_psr,pilot_pattern,pilot_density
0.2144277620505642,0.2144277620505642,0.07712478704285715,0.15312415348927752,0.1879006237481618,91,4.6635752312902,random,0.125
