mu_max,mu_far,mu_mean,mu_p95,mu_p99,n_dictionary_columns,gram_psr,pilot_pattern,pilot_density
0.9234989935416905,0.4284595602413335,0.1349278261925863,0.2604300526022634,0.6280008137109963,625,1.0828382131364565,random,0.0625
0.9048854901370674,0.3390871135227376,0.09680432513980364,0.1864083427203729,0.5689528433642955,625,1.1051122057980232,random,0.125
0.900616966977812,0.29994594614829184,0.0669300537900066,0.1623596336859345,0.5934461812872834,625,1.1103499452777204,random,0.25
1.0000000000000004,1.0000000000000004,0.051589845370401795,0.21530588727979177,0.6376435773361454,625,0.9999999999999996,comb,0.0625
0.9874560488300271,0.9874560488300271,0.04684993955367243,0.2,0.6094007559875809,625,1.0127033007543327,comb,0.125
0.9022080750149356,0.3058481935162249,0.031788354306126844,0.1459241436148399,0.574594225845803,625,1.1083917642650731,comb,0.25
