mu_max,mu_far,mu_mean,mu_p95,mu_p99,n_dictionary_columns,gram_psr,pilot_pattern,pilot_density
0.9234989935416905,0.2982254648188983,0.1349278261925863,0.2604300526022634,0.6280008137109963,625,1.0828382131364565,random,0.0625
0.9048854901370674,0.21442776205056432,0.09680432513980364,0.1864083427203729,0.5689528433642955,625,1.1051122057980232,random,0.125
0.900616966977812,0.17574003485701167,0.0669300537900066,0.1623596336859345,0.5934461812872834,625,1.1103499452777204,random,0.25
1.000000000000001,1.000000000000001,0.0795793573039826,0.19756752745342512,0.6618424776983103,625,0.9999999999999989,comb,0.0625
0.9731611838193897,0.9731611838193897,0.050275419711965696,0.19542347765017007,0.6088065824093446,625,1.0275790039993944,comb,0.125
0.9022080750149356,0.22912506737281116,0.031788354306126844,0.1459241436148399,0.574594225845803,625,1.1083917642650731,comb,0.25
